pre_food,post_food,
흰밥,쌀밥,
양송이스프,양송이스프,
잡채해물완자,두부해물완자,
들깨무나물,들깨무나물,
양념깻잎지,양념깻잎,
배추김치,배추김치,
흰밥,쌀밥,
순두부국,맑은순두부국,
닭갈비,닭갈비,
콩나물크레미무침,콩나물미나리무침,
오이생채*열무김치,오이생채,
초코도넛*요구르트,도넛_초코도넛,
흰밥,쌀밥,
물만두국,물만두국,
두부구이*양념장,두부구이,
돈채야채볶음,돼지고기채소볶음,
우엉채조림,우엉채볶음,
들깨미역국,들깨미역국,
사태찜,쇠고기사태찜,
쑥갓두부무침,쑥갓두부무침,
알마늘쫑무침,마늘쫑무침,
흰밥,쌀밥,
미소장국,미소장국,
삼색소보로비빔밥,비빔밥,
고구마튀김,고구마튀김,
단무지*봉지김,단무지/피클_반달단무지,
수박,수박_적육질_생것,
흰밥,쌀밥,
콩나물김치국,김치국,
꼬막살야채무침,꼬막무침,
간장비빔소면,간장비빔국수,
비름나물무침,비름나물무침,
아욱국,아욱된장국,
닭살겨자무침,닭가슴살냉채,
도토리묵오이무침,도토리묵오이무침,
오복지무침,무장아찌무침,
흰밥,쌀밥,
홍합무국,홍합무국,
궁중고기말이조림,돼지고기우엉말이조림,
새싹야채샐러드,새싹채소샐러드,
생깻잎양념장,깻잎장아찌,
맛탕*생강차,고구마맛탕,
흰밥,쌀밥,
야채스프,채소스프,
계란말이,계란말이,
오징어젓무침,오징어무침,
돌나물유자무침,돌나물무침,
계란파국,계란국,
피쉬볼감자조림,감자어묵볶음,
버섯볶음,버섯볶음,
단무지채무침,단무지무침,
흰밥,쌀밥,
미역국,미역국,
우삼겹야채볶음,우삼겹볶음,
볶음우동,볶음우동,
알감자조림,알감자조림,
프렌치토스트*두유,빵_클래식 프렌치토스트,
아욱된장국,아욱된장국,
제육볶음,제육볶음,
옥수수김치전,김치전,
오이참나물무침,오이나물무침,
시금치된장국,시금치된장국,
오리야채볶음,훈제오리볶음,
호박새우젓볶음,호박새우젓볶음,
무말랭이무침,무말랭이무침,
흰밥,쌀밥,
닭곰탕*소면,닭곰탕,
새우튀김*타르소스,새우튀김,
오이스틱*아삭고추,오이무침,
상추겉절이,상추겉절이,
마시는요거트,농후발효유_POKO 요거트 드링크 플레인,
흰밥,쌀밥,
매생이국,매생이국,
브로콜리스크램블,브로콜리찜,
고추야채전,부추고추전,
깻잎지,깻잎자반,
누룽지탕,누룽지탕,
미트볼조림,미트볼조림,
감자채볶음,감자채참치볶음,
구이김,김구이,
흰밥,쌀밥,
콩비지국,콩비지찌개,
야채순대볶음,깻잎순대볶음,
맛살미역줄기볶음,미역줄기볶음,
콘샐러드,콘샐러드,
팥죽,팥죽,
흰밥,쌀밥,
오징어무국,오징어국,
데리야끼참치조림,고등어데리야끼구이,
순두부양념장,순두부,
유채된장나물,유채나물무침,
떡만두국,떡만두국,
계란찜,계란찜,
콜리플라워초장,콜리플라워볶음,
고추지무침,고추된장무침,
콩가루배추국,콩가루배추국,
코다리무조림,코다리무조림,
민찌가지나물,돼지고기가지볶음,
청포묵오이무침,청포묵무침,
마들렌*쿨피스,비스킷/쿠키/크래커_마들렌,
흰밥,쌀밥,
냉이국,들깨냉이국,
당면찜닭,당면닭찜,
단호박조림,단호박꿀조림,
청경채겉절이,청경채겉절이,
콩나물국,콩나물국,
간장제육볶음,간장돼지불고기,
양배추쌈장무침,양배추무침,
흰밥,쌀밥,
잔치국수*김치양념,잔치국수,
야채계란말이,시금치계란말이,
가지나물무침,가지나물간장무침,
도라지오이생채,도라지오이생채,
바나나,바나나_생것,
소고기스프,닭고기야채스프,
꼬막야채무침,꼬막무침,
단호박단팥찜,참깨단호박찜,
맛살숙주나물,게맛살숙주볶음,
시래기된장국,시래기된장국,
부추해물경단,해물완자전,
새송이초무침,새송이멸치볶음,
간장깻잎지,깻잎장아찌,
흰밥,쌀밥,
바지락호박된장국,바지락애호박된장국,
탕수육*야채소스,탕수육,
버섯잡채,버섯잡채,
감자채볶음*파김치,감자채참치볶음,
쑥절편*요구르트,떡_쑥절편,
흰밥,쌀밥,
백순두부탕,백합순두부탕,
돈채자장소스,짜장소스,
단무치무침,단무지무침,
북어채미역국,들깨북어미역국,
민찌두부조림,돼지고기두부조림,
들깨느타리볶음,들깨느타리버섯볶음,
바삭자반,김자반,
민물새우배추국,민물새우탕,
닭볶음탕,닭볶음탕,
호박부추전,부추전,
김가루도토리묵무침,김가루청포묵무침,
타코야끼*미숫가루,빵_냉동타코야끼,
동태찌개,동태찌개,
고사리나물,고사리나물,
김치떡국,김치떡국,
새우살스크램블,칵테일새우계란찜,
미역초무침,미역초무침,
무조림,무조림,
함박스테이크*소스,함박스테이크,
모듬야채샐러드,채소샐러드,
계란장조림*석박지,계란장조림,
꼬치어묵탕,꼬치어묵탕,
실곤약닭살무침,닭가슴살냉채,
김치전,김치전,
콩나물무침,콩나물무침,
고등어감자조림,고등어감자조림,
단호박샐러드,단호박샐러드,
물만두*양념장,물만두,
흰밥,쌀밥,
우묵가시리탕,우뭇가사리콩국,
두부조림,두부조림,
고추,고추장아찌,
찐빵*망고쥬스,호빵_안흥찐빵,
흰밥,쌀밥,
육개장,육개장,
너비아니조림,너비아니구이,
어묵채볶음,어묵채볶음,
청국장,청국장,
찜닭,부추찜닭,
컬리플라워유자무침,컬리플라워해물샐러드,
모듬장조림,돈육장조림,
마카로니샐러드,마카로니샐러드,
오이탕탕이,오이피클,
쌀과자*유자차,일반과자_쌀과자,
들깨수제비국,들깨수제비,
맛살계란찜,맛살계란찜,
꽈리고추멸치볶음,꽈리고추멸치볶음,
무나물,무나물,
부대찌개,부대찌개,
부추김말이찜,간장양념부추찜,
마늘쫑새우볶음,마늘쫑새우볶음,
흰밥,쌀밥,
건새우아욱국,건새우아욱국,
돈육김치볶음*두부,돼지고기김치볶음,
베이컨야채무침,베이컨야채볶음,
깻잎양념장,깻잎장아찌,
크림스프,크림스프,
갈치무청조림,갈치조림,
오색산적,산적꼬치,
배추된장나물,배추된장나물,
흰밥,쌀밥,
칼국수,칼국수,
메밀전병찜,메밀전병,
새송이메추리알조림,표고버섯메추리알장조림,
간장마늘쫑무침,마늘쫑무침,
참치김치덮밥소스,참치김치덮밥,
군만두구이*양배추채,군만두,
열무된장나물,열무된장나물,
구운계란*요구르트,달걀/메추리알_직화구운계란,
흰밥,쌀밥,
얼갈이배추국,얼갈이배춧국,
브로콜리닭볶음,브로콜리볶음,
도토리묵양념장,도토리묵양념장,
쨔사이무침,짜사이무침,
유부계란국,계란국,
짜장소스,짜장소스,
두부스팸소스조림,두부스팸조림,
가지나물,가지나물,
흰밥,쌀밥,
북어콩나물국,콩나물국,
묵은지돈육볶음,묵은지제육볶음,
어묵당면잡채,어묵당면잡채,
날김*냉이달래장,김구이,
마들렌*생강차,비스킷/쿠키/크래커_마들렌,
호박된장국,호박된장국,
고등어데리야끼,고등어데리야끼구이,
흰밥,쌀밥,
사골떡국,사골떡국,
피쉬볼야채조림,어묵조림,
숙주청포묵무침,청포묵무침,
간장양파절임,양파장아찌,
들깨가루미역국,들깨미역국,
미트소스스파게티,미트볼토마토스파게티,
당근계란말이,계란말이,
유채겉절이,유채나물무침,
파채소고기볶음,소고기채소볶음,
흰밥,쌀밥,
근대국,근대국,
임연수소금구이,임연수구이,
햄마늘쫑볶음,마늘쫑볶음,
곰피초무침,곰피무침,
흰밥,쌀밥,
크림소스찜닭,로제찜닭,
양배추맛살전,맛살전,
오이지무침,오이지무침,
새알팥죽,죽_단팥죽,
김말이찜,김말이,
호박버섯볶음,호박느타리버섯볶음,
콩나물오리볶음,부추오리주물럭,
명엽채무침,명엽채볶음,
참나물겉절이,봄나물겉절이,
뼈없는감자탕,등뼈감자탕,
들기름막국무침,들기름국수,
비엔나케찹조림,소시지볶음,
봄동겉절이,봄동겉절이,
후르츠칵테일,과일가공품_프루트칵테일통조림,
흰밥,쌀밥,
북어채무국,북어무국,
야채춘권찜,춘권,
치커리사과샐러드,치커리샐러드와올리브마늘드레싱,
흰밥,쌀밥,
냉이된장국,냉이된장국,
닭고기죽순볶음,닭고기볶음,
다시마튀각,다시마튀각,
흰밥,쌀밥,
쑥갓어묵국,쑥갓어묵국,
생선까스,생선까스,
모듬샐러드,모듬버섯샐러드,
비빔국수,비빔국수,
핫도그,핫도그,
사골우거지된장국,사골우거지국,
가지무조림,가지조림,
톳나물,톳나물,
흰밥,쌀밥,
고등어캔무조림,고등어무조림,
브로콜리초장,브로콜리찜,
느타리버섯국,느타리버섯전골,
파래무생채,무생채,
방울증편,증편,
멘보샤튀김,멘보샤,
올방개묵무침,청포묵무침,
콩나물부추겉절이,콩나물부추볶음,
수제비국,수제비,
흑임자연근샐러드,연근샐러드와흑임자소스,
유부장국,미소장국,
야채비빔밥*볶음고추장,비빔밥,
계란후라이*구이김,계란후라이,
마카로니콘샐러드,마카로니샐러드,
타코야끼*포도주스,타코야끼,
맑은두부국,맑은두부콩나물국,
꽁치김치조림,꽁치김치찜,
단호박찜,참깨단호박찜,
얼갈이겉절이,얼갈이배추김치,
우유계란찜,우유달걀찜,
청포묵숙주무침,청포묵무침,
꼬시래기무침,꼬시래기무침,
콩나물알탕,알탕,
모듬야채샐러드,단호박야채샐러드,
곤약감자조림,곤약감자조림,
닭곰탕,닭곰탕,
메밀전병,메밀전병,
마늘종새우볶음,마늘종새우볶음,
부추양파무침,부추무침,
감자국,감자국,
북어채느타리무침,북어채무침,
오색산적*동그랑땡,산적꼬치,
치커리사과초무침,치커리무침,
기관제공(쑥떡),기타 농산가공품_솔직단백 original 쑥떡,
어묵무국,어묵무국,
너비아니구이,너비아니구이,
맛살미역줄기볶음,맛살어묵볶음,
콩조림,콩조림,
가자미카레구이,가자미카레구이,
돌나물오이무침,콩나물오이무침,
오리훈제떡조림,단호박훈제오리볶음,
마늘쫑어묵볶음,마늘쫑어묵볶음,
기관제공(스테비어토마토),토마토_생것,
만두구이,군만두,
버섯양배추나물,양배추나물,
김치콩나물국,김치콩나물국,
닭조림,닭조림,
감자샐러드,감자샐러드,
돈육피망폭찹,돼지고기피망볶음,
모듬버섯잡채,모듬버섯잡채,
기관제공(수박),수박_적육질_생것,
소고기무국,소고기무국,
자색고구마튀김,고구마튀김,
메추리알곤약조림,메추리알곤약조림,
고구마순볶음,고구마순볶음,
열무된장국,무된장국,
스팸구이,김치스팸볶음,
고추잎무침,고춧잎된장무침,
소고기죽순볶음,소고기죽순볶음,
도토리묵무침,도토리묵무침,
크레미누룽지탕,참치누룽지죽,
소세지전,옛날소시지전,
녹두전,녹두전,
흰밥,쌀밥,
떡국,떡국,
미트볼콩조림,미트볼조림,
찜닭,안동떡찜닭,
우엉조림,우엉조림,
얼갈이두부국,두부얼갈이국,
시금치닭갈비,시금치깻잎찜닭,
연근조림,연근조림,
프렌치토스트*쿨피스,빵_클래식 프렌치토스트,
메추리알장조림,메추리알장조림,
유부맛살무침,김치맛살무침,
돈채가지볶음,가지돼지고기볶음,
청경채오리볶음,부추오리주물럭,
어묵잡채,어묵잡채,
배추겉절이,배추겉절이,
계란옷두부전*양념장,두부전,
감자간장조림,감자간장조림,
고등어구이,고등어구이,
꼬들빼기무침,고들빼기무침,
궁중고기말이,건두부고기말이,
삶은계란*아침햇살,게살계란찜,
김치국,김치국,
오징어야채볶음,오징어야채볼,
연두부양념장,연두부양념장,
피쉬볼감자조림,어묵조림,
콩나물밥*양념장,콩나물밥과양념장,
동태전,동태전,
어묵국,어묵국,
부추계란찜,부추계란찜,
마늘쫑멸치볶음,마늘쫑멸치볶음,
참나물무침,참나물무침,
흰밥,쌀밥,
흰밥,쌀밥,
돈까스*소스,돈까스,
샐러드*딸기드레싱,딸기샐러드,
오렌지,오렌지_생것,
고추장감자국,고추장감자찌개,
카레소스,카레소스,
올방개묵김치무침,메밀묵김치무침,
매생이전,매생이오징어전,
동그랑땡전,동그랑땡전,
콩나물부추무침,콩나물부추무침,
자반,자반볶음,
잔치국수,잔치국수,
조기구이,조기구이,
새송이호박볶음,새송이버섯애호박볶음,
기관제공,사과정과,
흰밥,쌀밥,
계란떡국,떡국,
소고기당면볶음,소고기감자당면볶음,
양배추전,배추전,
꽁치캔무조림,꽁치무조림,
토마토스크램블,토마토계란스크램블,
간장명이나물,명이나물장아찌,
탕수육*소스,탕수육,
어묵전,어묵전,
양배추나물,양배추나물,
타코야끼*요구르트,타코야끼,
소고기미역국,쇠고기미역국,
후랑크소세지볶음,후랑크소세지볶음,
무짠지무침,무짠지무침,
청국장찌개,청국장찌개,
청경채나물,청경채볶음,
유부미소국,배추유부미소국,
류산슬덮밥소스,류산슬,
생선까스&타르소스,생선까스,
치커리사과무침,치커리사과무침,
흰밥,쌀밥,
돈육고추장볶음,돈육고추장불고기,
숙주나물,숙주나물,
흰밥,쌀밥,
콩비지찌개,콩비지찌개,
칼집후랑크야채볶음,후랑크소세지볶음,
땅콩멸치볶음,땅콩멸치볶음,
흰밥,쌀밥,
온도토리묵국,온도토리묵사발,
깻잎닭갈비,닭갈비,
마늘쫑건새우볶음,마늘쫑건새우볶음,
고구마순들깨나물,고구마순들깨나물,
배추전*양념장,배추전,
흰밥,쌀밥,
호박새우젓국,애호박새우젓국,
올방개묵&양념장,청포묵무침,
흰밥,쌀밥,
우민찌두부조림,돼지고기두부조림,
느타리버섯볶음,느타리버섯볶음,
건파래볶음,마른파래볶음,
유채된장국,공심채된장국,
돈삼겹수육,돈수육,
비빔메밀국수,비빔국수,
배추겉절이,배추겉절이,
약과*대추차,약과,
맑은김칫국,김칫국,
숯불함박조림,돈육함박스테이크,
단호박팥찜,치즈단호박찜,
흰밥,쌀밥,
시금치국,시금치된장국,
바베큐폭찹,바베큐폭립,
유채나물,유채나물무침,
부추겉절이,부추겉절이,
순살데리야끼고등어,고등어데리야끼구이,
사라다,과일사라다,
감자조림,감자조림,
"단호박죽(그릇,수저)",죽_단호박죽,
맑은미역국,명란미역국,
돈채고추잡채,부추고추잡채,
납작만두&양념장,납작만두,
얼갈이나물,얼갈이나물,
흰밥,쌀밥,
북엇국,북엇국,
시래기지짐,시래기지짐,
김치어묵국,김치어묵국,
안동찜닭,분모자안동찜닭,
맛살양배추볶음,맛살어묵볶음,
세발나물무침,세발나물무침,
바람떡,떡_바람떡,
근대된장국,근대된장국,
훈제오리야채볶음,아보카도오일훈제오리야채볶음,
둥근오이무침,오이무침,
흰밥,쌀밥,
돼지간장불고기,돼지간장불고기,
새송이버섯조림,새송이버섯조림,
도시락김,김_광천김 수미네 재래 도시락김,
흰밥,쌀밥,
참치미역국,참치미역국,
너비아니야채볶음,너비아니구이,
브로콜리&초장,브로콜리찜,
소고기탕국,소고기두부탕국,
시금치나물,시금치나물,
콜라비무침,콜라비생채,
흰밥,쌀밥,
미트볼데리야끼조림,미트볼조림,
콩자반,콩자반,
아주까리나물볶음,피마자나물볶음,
뿌리채소영양밥,채소영양밥,
쑥갓무생채,무생채,
떠먹는요플레,발효유_떠먹는 요구르트,
맑은배추국,맑은배추두부국,
방어조림,고등어조림,
쥬키니새우젓볶음,쥬키니새우찜,
야채계란찜,계란찜,
햄감자채볶음,햄감자채볶음,
굴미역국,굴미역국,
청경채제육볶음,제육볶음,
모듬과일화채,과일화채,
유부팽이국,팽이버섯유부된장국,
김말이찜*칠리소스,김말이,
계란장조림,계란장조림,
맛살콩나물무침,콩나물무침,
사골무국,사골국,
미역줄기볶음,미역줄기볶음,
돈육김치볶음*온두부,제육신김치볶음,
오징어브로콜리초장,오징어브로콜리샐러드,
방울증편*감귤쥬스,증편,
김치두부국,김치두부국,
언양식불고기,청양고추소불고기,
단호박무조림,무조림,
얼갈이된장무침,열무된장무침,
간장닭볶음,간장닭볶음탕,
순살돈까스*소스,돈까스,
맛살감자샐러드,맛살감자샐러드,
생깻잎양념장,된장깻잎장아찌,
크레미살계란말이,계란말이,
도토리묵쑥갓무침,도토리묵상추무침,
토란줄기나물,토란대들깨나물,
순대볶음,순대볶음,
새송이초무침,버섯무침,
파래무침,파래무침,
두부미역국,미역국,
차돌숙주볶음,차돌박이숙주볶음,
치커리상추겉절이,치커리겉절이,
손만두찜*양념장,물만두,
생선구이,생선구이,
연근멸치조림,멸치조림,
감자호박국,감자호박들깨국,
고등어무조림,고등어무조림,
닭곰탕*소면말이,닭곰탕,
마늘쫑햄볶음,마늘쫑볶음,
아삭이오이무침,아삭이고추된장무침,
요플레*조각식빵,발효유_떠먹는 요구르트,
수육*무생채,수육,
어묵조림,어묵조림,
새우두부조림,새우두부계란찜,
당근스크램블,스크램블에그,
감자채부추볶음,감자채꽈리고추볶음,
생우동볶음,가쓰오우동볶음,
맛탕*대추차,고구마맛탕,
순두부국,순두부김국,
소세지전*케찹,옛날소시지전,
돈채무나물,무채나물,
흰밥,쌀밥,
군만두구이*야채무침,군만두,
꽈리고추연근조림,꽈리고추조림,
핫도그*보리차,핫도그,
야채스프,단호박야채스프,
닭볶음,닭볶음,
단호박유자찜,단호박두부찜,
오징어호박볶음,오징어볶음,
미역오이초무침,미역초무침,
찐고구마*알로에음료,기타 즉석식품_찐고구마,
유채감자국,감자국,
더덕오이지무침,오이지무침,
돈채콩나물볶음,돈육채볶음,
양념고추지,고추장아찌,
흰밥,쌀밥,
계란파국,달걀양파국,
참치야채비빔밥*고추장,참치비빔밥,
생선까스*타르소스,생선까스,
로제크림푸실리샐러드,코울슬로샐러드,
슬라이스참외,참외_씨 제거_생것,
갈치무조림,갈치조림,
해초무침,해초무침,
콩나물무채국,콩나물무채굴국,
꼬막파채무침,꼬막무침,
브로콜리흑임자무침,브로콜리무침,
구운김,김구이,
우뭇가시리국,우뭇가사리콩국,
볼어묵피망볶음,어묵피망볶음,
고사리나물*수제피클,고사리나물,
후렌치파이*요구르트,일반과자_후렌치파이딸기,
흰밥,쌀밥,
치킨너겟*머스타드,치킨너겟,
야채스크램블,참치야채스크램블,
흰밥,쌀밥,
닭개장*당면,닭개장,
돈민찌가지나물,돼지고기가지볶음,
김치깻잎전,깻잎전,
오이스틱*쌈장*알타리,오이무침,
화채,화채,
흰밥,쌀밥,
콩비지두부조림,두부조림,
마늘종멸치볶음,마늘종멸치볶음,
아삭고추된장무침,아삭이고추된장무침,
무말랭이,무말랭이볶음,
흰밥,쌀밥,
알탕,알탕,
야채*고추튀김,채소튀김,
메란알감자조림,알감자조림,
사과푸딩*두유,푸딩_망고푸딩,
배추된장국,배추된장국,
닭살천사채무침,닭가슴살냉채,
숙주나물무침,숙주나물무침,
김치수제비국,김치수제비,
쌈무야채샐러드,단호박야채샐러드,
건자반,김자반,
폭찹,폭찹볶음,
마카로니완두샐러드,마카로니샐러드,
흰밥,쌀밥,
오이가지냉국,오이지냉국,
순대야채볶음,순대볶음,
감자튀김*케찹,감자튀김,
고등어시레기조림,고등어시래기조림,
고구마샐러드,고구마샐러드,
오리훈제부추무침,오리훈제부추무침,
모듬샐러드*열무김치,채소샐러드,
마파두부,마파두부,
양배추쌈장,양배추두부쌈,
돈육곤약조림,돈육장조림,
미나리숙주무침,미나리무침,
동태탕,동태탕,
옥수수감자샐러드,옥수수샐러드,
오이부추무침,오이부추무침,
프렌치파이*요구르트,일반과자_후렌치파이딸기,
닭살브로콜리무침,브로콜리무침,
꽁치캔김치조림,꽁치김치찜,
족발맛수육*무김치,족발수육,
크레미게살스프,게살스프,
버섯들깨탕,버섯들깨탕,
양념치킨,양념치킨,
도토리묵김치무침,메밀묵김치무침,
새우살스크램블,스크램블에그,
단호박찜,단호박멸치찜,
컬리플라워,오이무침,
버섯굴소스볶음,버섯청경채굴소스볶음,
요플레*에이스,비스킷/쿠키/크래커_에이스,
스팸구이*케찹,김치스팸볶음,
병아리콩조림,콩조림,
도라지무침,도라지무침,
돈육가지볶음,돼지고기가지볶음,
자반볶음,자반볶음,
닭곰탕*삶은소면,닭곰탕,
마들렌*포도쥬스,비스킷/쿠키/크래커_마들렌,
청경채무침,청경채무침,
고추잡채*꽃빵,고추잡채와꽃빵,
당근계란찜,당근계란볶음,
열무김치,열무김치,
모듬화채,과일화채,
흰밥,쌀밥,
유부채미소장국,미소장국,
돈사태찜,쇠고기사태찜,
만두국,만두국,
핑크소세지전,옛날소시지전,
소고기그린피스볶음,청경채소고기볶음,
들기름막국수무침,들기름국수,
꽈리고추된장무침,풋고추된장무침,
간장깻잎지,깻잎간장나물,
흰밥,쌀밥,
코다리곤약조림,코다리조림,
적채부추무침,부추무침,
약과*두유,약과,
탕수육무침,탕수육,
고구마닭볶음탕,고구마닭볶음탕,
동그랑땡,소고기동그랑땡,
숙주나물*열무김치,숙주나물,
계란옷식빵*대추차,식빵_미니식빵,
새송이간장조림,새송이조림,
단무지무침,단무지무침,
김치묵사발,묵사발,
해물목이버섯찜,양송이버섯찜,
민찌오이무침,오이무침,
근대호박국,늙은호박국,
오리가지볶음,닭살가지볶음,
메밀묵김가루무침,메밀묵김치무침,
콩나물버섯국,숙주나물버섯국,
시레기꽁치조림,꽁치조림,
호박나물,호박나물,
볶음자반,자반볶음,
갈비탕,갈비탕,
손만두찜*간장,물만두,
해초곤약무침,해초무침,
오이,오이무침,
흰밥,쌀밥,
부추추어탕,추어탕,
스크램블,스크램블에그,
어슷우엉조림,우엉조림,
브로콜리유자무침,브로콜리무침,
바나나야채샐러드,바나나야채샐러드,
슬라이스토마토,토마토_생것,
군만두*초간장,군만두,
피쉬볼감자조림,어묵감자채볶음,
오징어오이무침,오징어오이무침,
홍합미역국,홍합미역국,
닭살파채겨자무침,닭가슴살냉채,
부추잡채,부추잡채,
가지나물*구이김,가지나물,
블루베리증편*요구르트,증편,
호박감자국,애호박감자국,
베이컨양배추볶음,베이컨양배추볶음,
천사채샐러드,천사채샐러드,
닭살단호박찜,닭고기단호박찜,
도라지나물,도라지나물,
깻잎지,깻잎장아찌,
도토리묵상추무침,도토리묵상추무침,
아삭오이쌈장무침,아삭이고추된장무침,
흰밥,쌀밥,
김치만두국,김치만두국,
오징어떡볶음,오징어떡볶음,
돈김치볶음,돼지고기김치볶음,
궁채무침,궁채나물들깨볶음,
순두부계란국,순두부계란탕,
코다리감자조림,코다리감자찜,
꽈리고추어묵볶음,꽈리고추어묵볶음,
단호박죽,단호박죽,
양념닭강정,양념닭강정,
시레기나물무침,산나물무침,
꼬막살천사채무침,꼬막무침,
꽈리고추된장찜,꽈리고추간장찜,
돌나물초장무침,돌나물무침,
돈채쌈무무침,돼지고기쌈구이와매실소스,
방풍나물무침,방풍나물무침,
밤만쥬*매실음료,빵_밤만주,
자장소스,짜장소스,
버섯누룽지탕,해물버섯누룽지탕,
파채닭살무침,닭고기채소무침,
동태국,동태국,
우삼겹볶음,우삼겹볶음,
깻잎김치전,김치전,
팥죽,죽_단팥죽,
배추국,배추국,
돈갈비찜,돼지갈비찜,
아삭고추무침,아삭이고추된장무침,
코다리시레기조림,코다리조림,
탕수육*파인야채소스,탕수육,
훈제오리야채무침,훈제오리볶음,
물미역초무침,미역초무침,
찐감자*요구르트,찐감자,
버섯불고기,버섯불고기,
새싹샐러드*드레싱,새싹샐러드,
청포묵미나리무침,미나리무침,
오이미역냉국,오이미역냉국,
감자전*두부구이,감자전,
오징어미나리무침,오징어포무침,
게살스프*모닝빵,게살스프,
스테이크조림,스테이크,
브로콜리초장무침,브로콜리된장무침,
전장구이김,김구이,
북어미역국,들깨북어미역국,
가지나물*단무지무침,가지나물,
고추장고등어구이,양념고등어구이,
푸실리콘샐러드,푸실리샐러드,
미나리숙주나물,미나리나물,
상추된장국,상추미소된장국,
삼치무조림,삼치무조림,
녹두전*미숫가루,반찬_녹두전,
팝콘닭강정,닭강정,
꽈리고추멸치조림,꽈리고추멸치볶음,
해초샐러드,토마토해초샐러드,
촉촉파래무침,파래무침,
흰밥,쌀밥,
쭈꾸미돈육볶음,돼지고기쭈꾸미볶음,
호박부추전,호박전,
콩나물무침*열무김치,콩나물무침,
마가렛트*유자차,비스킷/쿠키/크래커_마가렛트,
닭살메란조림,돈육메추리알장조림,
양배추쌈된장무침,양배추무침,
해물동그랑땡*케찹,동그랑땡전,
상추부추무침,상추무침,
찐고구마*보리차,찐고구마,
가자미구이,가자미구이,
새우살계란찜,새우살계란찜,
베이컨새송이볶음,베이컨버섯볶음,
조각수박,수박_적육질_생것,
흰밥,쌀밥,
순살치킨까스조림,치킨까스,
콘마카로니샐러드,마카로니샐러드,
재래김구이,김구이,
김치볶음밥*후라이,김치볶음밥,
돈채유부볶음,돈육채볶음,
치커리유자청무침*단무지,치커리사과무침,
찐만두*포도주스,과·채주스_아침에주스포도주스,
닭개장,닭개장,
오색모듬전,모듬전,
두부미역국,두부미역된장국,
콩나물잡채,콩나물잡채,
오이탕탕이*열무김치,오이피클,
호두과자*유자차,빵_호두과자,
닭살누룽지탕,닭해물누룽지탕,
물만두양념장,물만두,
고구마순나물,고구마순나물,
냉잔치국수,잔치국수,
닭살야채무침,닭가슴살냉채,
우묵가사리냉국,도토리묵냉국,
방어무조림,방어구이,
연근땅콩조림,연근조림,
브로콜리닭조림,닭조림,
생선까스*타르,생선까스,
베이비야채샐러드,채소샐러드,
흰밥,쌀밥,
새싹순두부*소스,새싹두부샐러드,
대패삼겹팽이볶음,대패삼겹배추볶음,
버터링쿠키*요구르트,일반과자_(완제품)버터링,
마늘종어묵볶음,마늘종어묵볶음,
떡갈비피망볶음,떡갈비,
소고기야채볶음,소고기야채볶음,
돌나물초장,돌나물무침,
찐고구마*요구르트,기타 즉석식품_찐고구마,
분홍소세지전,옛날소시지전,
임연수데리야끼,임연수찜,
숙주맛살무침,숙주액젓무침,
도라지생채,도라지생채,
절편*식혜,떡_절편,
북어채국,북어국,
닭살야채무침,닭다리살야채볶음,
볼어묵조림,어묵조림,
새발나물,세발나물무침,
맑은순두부탕,맑은순두부탕,
오삼불고기,낙삼불고기,
감자브로콜리조림,브로콜리볶음,
무생채,무생채,
새우튀김*소스,새우튀김,
야채계란찜,야채계란찜프리타타,
모듬샐러드,모듬버섯샐러드,
토마토,토마토_생것,
돈육김치볶음,돼지고기김치볶음,
청포묵무침,청포묵무침,
계란부추국,계란부추감자국,
포실북어포무침,북어채무침,
김밥,김밥,
찐빵*미숫가루,호빵_안흥찐빵,
콩나물어묵국,어묵국,
동그랑땡,동그랑땡탕수,
두부쑥갓무침,쑥갓두부무침,
수제비국,수제비미역국,
고구마고로케,콘치즈고구마고로케,
만두탕수,만두탕수,
누룽지야채죽,청경채누룽지죽,
부추계란말이,부추계란찜,
코다리조림,코다리조림,
아삭이고추무침,아삭이고추된장무침,
우채그린피스볶음,청경채소고기볶음,
유과*두유,전통과자_유과,
표고달걀국,팽이버섯달걀국,
신선샐러드,콘샐러드,
제육간장불고기,제육불고기,
가지민찌나물,가지나물,
홍합콩나물국,콩나물국,
햄김치볶음,소시지김치볶음,
해쉬브라운튀김,감자튀김,
쌀국수무침,차돌박이쌀국수샐러드,
찐감자*미숫가루,찐감자,
우삼겹청경채볶음,대패삼겹청경채볶음,
숙주무나물,숙주나물,
추어탕,추어탕,
무짠지채,무짠지,
얼갈이민물새우국,민물새우탕,
기관제공(백설기),떡_백설기,
계란탕,명란계란탕,
수육*무무침,수육무침,
오이스틱,오이무침,
톳두부무침,톳두부무침,
야채전,채소전,
슬라이스황도,과일가공품_황도,
꼬막쪽파무침,꼬막무침,
멕시칸샐러드,멕시칸샐러드,
촉촉한파래무침,파래무우무침,
계란국,계란국,
스파게티무침,스팸소면무침,
새우살죽,새우살죽,
오리야채볶음,부추오리주물럭,
돌나물초무침,돌나물무침,
흰밥,쌀밥,
숙주오이냉채,닭고기오이냉채,
찐옥수수,찐옥수수,
간장비빔국수,간장비빔국수,
우엉땅콩조림,우엉땅콩조림_산업체,
마들렌*요구르트,비스킷/쿠키/크래커_마들렌,
꼬마돈까스조림,등심돈까스,
양배추쌈*쌈장,양배추두부쌈,
유부팽이볶음,유부양파볶음,
두부된장국,두부된장국,
미트볼고구마조림,미트볼조림,
비지찌개,비지찌개,
닭감자조림,닭감자조림,
그린샐러드,그린샐러드,
사과,사과_생것,
소고기당면국,소고기당면국,
참치야채볶음,참치두부야채볶음,
얼갈이무침,얼갈이배추김치,
떠먹는요플레*씨리얼,발효유_떠먹는 요구르트,
된장찌개,된장찌개,
베이컨감자채볶음,베이컨감자채볶음,
숙주맑은국,맑은순두부국,
새우프리타타,연어오믈렛,
게맛살볶음,게맛살볶음,
어묵곤약조림,곤약조림,
오이무침,오이무침,
흰밥,쌀밥,
감자양파국,감자양파된장국,
메추리알조림,메추리알장조림,
야채고로케,감자고로케,
브로콜리숙채&초장,브로콜리찜,
간장돈육볶음,돼지고기간장볶음,
시금치무침,시금치들깨무침,
양배추양파절임,양배추절임,
두부스테이크,두부버섯스테이크,
멸치볶음,멸치볶음,
상투과자*수정과(곶감),빵_상투과자,
흰밥,쌀밥,
비빔밥,비빔밥,
새송이버섯볶음,새송이버섯볶음,
사과샐러드,사과샐러드,
(온)도토리묵국,온도토리묵사발,
흰밥,쌀밥,
버섯모둠국,숙주나물버섯국,
마늘닭갈비,토마토닭갈비,
배추맑은국,양배추맑은국,
가지찜&양념장,양념가지찜,
흰밥,쌀밥,
샤브국,샤브샤브,
호박볶음,호박볶음,
건새우마늘쫑무침,건새우마늘쫑볶음,
떡만둣국,떡만둣국,
돈사태찜,돈사태매실소스볶음,
봄동나물,(저염)봄동나물,
유과&식혜,전통과자_유과,
바지락미역국,바지락미역국,
돈육고추잡채&꽃빵,고추잡채와꽃빵,
김구이,김구이,
흰밥,쌀밥,
온두부&볶음김치,두부김치볶음,
들깨뭇국,들깨콩나물뭇국,
소불고기채소볶음,소고기채소볶음,
미역초장,미역초무침,
동그랑땡볶음,동그랑땡탕수,
오징어젓갈무우무침,오징어젓갈,
미역줄기나물,미역나물,
호박국,호박잎국,
시금치계란볶음,시금치계란볶음,
피망버섯볶음,피망버섯채볶음,
유부쯔유국,유부된장국,
순살돈까스,돈까스,
옥수수양상추샐러드,양상추샐러드,
열무무침,열무된장무침,
연양갱,양갱_연양갱,
소고기배추볶음,소고기배추볶음,
오이양파무침,오이양파무침,
청포묵김무침,청포묵무침,
감자계란국,감자계란국,
가자미무조림,가자미조림,
봉어묵조림,어묵조림,
병아리콩장,병아리콩그라탕,
김치돼지갈비찜,돼지갈비김치찜,
돌나물버섯무침,돌나물무침,
두부유부초밥(기관),유부초밥,
흰밥,쌀밥,
무우황태국,무황태국,
그린빈스볶음,그린빈볶음,
콜라비무생채,콜라비생채,
파인함박조림,돈불고기파인애플볶음,
참치김치볶음,참치김치볶음,
순두부찌개,순두부찌개,
연어까스*타르타르소스,생선까스,
토란대나물,토란대나물,
양상추망고샐러드,양상추샐러드,
오리불고기,오리불고기,
근대무침,근대볶음,
시래기국,시래기들깨국,
닭다리조림,닭다리찜,
소고기무우국,소고기무국,
곰피,곰피두부말이,
"늙은호박전
(그릇,수저)",전_호박전,
흰밥,쌀밥,
팽이버섯장국,팽이버섯배추된장국,
임연수데리야끼,임연수조림,
가지볶음,가지볶음,
마늘장아찌,마늘장아찌,
계란야채지단,시금치계란말이,
강미역국,미역국,
소불고기,소불고기,
어묵탕,어묵탕,
두부적조림,두부조림,
닭가슴살야채볶음,닭가슴살야채볶음,
감자채나물,햄감자채볶음,
마늘쫑장아찌,마늘쫑장아찌,
잡채,잡채,
쭈삼불고기,쭈꾸미불고기,
블루베리샐러드,연근블루베리샐러드,
맛탕,고구마맛탕,
바지락칼국수,바지락칼국수,
떡갈비피망조림,떡갈비,
곤약고추조림,곤약조림,
도라지오이무침,도라지오이무침,
브로콜리스프,브로콜리스프,
돈육장조림,돈육장조림,
무우들깨나물,무들깨나물,
돌자반,돌자반볶음,
흰밥,쌀밥,
두부계란구이,두부구이,
누들야채무침,야채샐러드누들,
우엉엿장조림,우엉간장조림,
얼갈이된장국,얼갈이된장국,
고등어소금구이,고등어소금구이,
쑥갓무침,쑥갓무침,
마파두부소스,마파두부,
연근*고추튀김,연근튀김,
오징어젓무침*파김치,오징어무침,
꿀호떡*요구르트,호떡_꿀호떡,
감자고추장국,감자고추장찌개,
콩나물맛살무침,콩나물어묵무침,
스팸전,스팸단호박전,
묵사발,묵사발,
돈채버섯볶음,돼지고기목이버섯볶음,
알감자버터구이,감자버터구이,
열무비빔밥*고추장,열무비빔밥,
계란파국,계란말이,
손만두찜,물만두,
참치김치국,참치김치두부국,
브로콜리초무침,브로콜리무침,
마늘쫑무침,마늘쫑무침,
가지전양념장,가지전,
간장소면무침*열무김치,간장비빔국수,
요플레*조각식빵,식빵_미니식빵,
돈육메추리조림,돈육메추리알장조림,
야채샐러드,사과야채샐러드,
취나물무침,취나물무침,
수육*쌈무채,수육,
순두부새싹양념,순두부,
청경채오이겉절이,청경채겉절이,
타코야끼*미숫가루,타코야끼,
꼬막살파채무침,꼬막무침,
땅콩연근조림*도시락김,땅콩조림,
바지락상추국,바지락국,
냉면,냉면,
절편*대추차,떡_절편,
맑은콩나물국,맑은북어콩나물국,
토란버섯들깨탕,토란들깨탕,
참치무조림,고등어무조림,
도토리묵김가루무침,청포묵김가루무침,
흰밥,쌀밥,
함박스테이크조림,함박스테이크,
아채샐러드*드레싱,단호박야채샐러드,
쌀과자*쿨피스,일반과자_쌀과자,
시금치프리타타,시금치프리타타,
더덕마늘종무침,마늘종무침,
연근흑임자무침,연근샐러드와흑임자소스,
대패삼겹살볶음,대패삼겹살볶음,
들기름막국수,들기름국수,
비름나물전,깻잎전,
물만두양념장*식혜,물만두,
치킨강정,닭강정,
돈사태갈비찜,돼지등갈비찜,
한식잡채,잡채,
도토리묵어린잎무침,도토리묵무침,
병아리콩자반,콩자반,
근대나물,근대된장나물,
명태초무침,명태무침,
대파육개장,육개장,
춘천닭갈비,치즈닭갈비,
황도,과일가공품_황도,
파채너비아니,너비아니구이,
열무고추장나물,열무간장나물,
황태해장국,황태해장국,
한입두부조림,두부조림,
가지양념조림,가지조림,
흰밥,쌀밥,
간장돼지불고기,간장돼지불고기,
컬리플라워쵸핑행볶음,치즈컬리플라워,
쌀과자*주스,일반과자_쌀과자,
깻잎계란말이,시금치계란말이,
사골배추국,사골국,
돈채피망볶음,감자채피망볶음,
고구마조림,고구마조림,
고들빼기무침,고들빼기무침,
굴국,굴국,
잡채어묵조림,어묵조림,
파래전,파래전,
치커리유자청무침,치커리사과무침,
베지밀아몬드&호두,두유_베지밀아몬드와호두두유,
계란실파국,계란국,
후르츠탕수육,과일탕수육,
시래기조림,고등어시래기조림,
해초샐러드,해초무침,
메밀면무침,메밀묵무침,
닭살매콤조림,닭살채소조림,
고사리볶음,고사리들깨볶음,
동그랑땡조림,동그랑땡탕수,
무생채무침,무생채무침,
야채만두,만두,
건새우마늘쫑볶음,건새우마늘쫑볶음,
갈치구이,갈치구이,
고춧잎무침,고춧잎무말랭이무침,
고구마순들깨볶음,고구마순들깨볶음,
두부구이&양념장,두부구이,
토란대볶음,토란대볶음,
닭당면조림,닭간장조림,
고구마채볶음,고구마채볶음,
자색요거밀,발효유_덴마크요거밀자색고구마,
사골우거지국,사골우거지국,
명엽채조림,명엽채볶음,
오이볶음,오이볶음,
야채튀김,채소튀김,
고구마사태찜,쇠고기사태찜,
어묵콩나물국,어묵콩나물국,
오이미역초무침,사과미역초무침,
도토리묵양념장,도토리묵무침,
옥수수닭조림,간장닭조림,
건파래자반,돌파래자반들기름볶음,
청경채돈육볶음,삼겹살청경채볶음,
상추*오이*쌈장,오이무침,
새우튀김,새우튀김,
얼갈이나물무침,얼갈이나물,
자장면*소스,짜장면,
군만두,군만두,
모듬샐러드*단무지,모듬버섯샐러드,
오이양파겉절이,겉절이,
궁채절임,궁채나물들깨볶음,
양배추당근전,부추당근전,
브로콜리연근무침,브로콜리무침,
일식참치조림,고등어된장조림,
볼어묵땅콩볶음,잔멸치땅콩볶음,
파채오징어무침,오징어채무침,
세척깻잎,깻잎나물,
배추된장무침,배추된장무침,
만쥬*쿨피스,빵_밤만주,
순살돈까스범벅,돈까스,
백순대볶음,백순대볶음,
꽈리고추어묵조림,꽈리고추어묵볶음,
고추야채전*대추차,부추고추전,
순두부백탕,순두부들깨탕,
푸실리건포도샐러드,푸실리샐러드,
멸치무조림,멸치무조림,
간장제육볶음,된장제육볶음,
멸치잔치국수,멸치잔치국수,
쏘야볶음,햄야채볶음,
새발나물무침,세발나물무침,
생선구이*양념장,생선구이,
콩비지김치전,김치전,
기관제공,기관제공,
김말이찜*소스,김말이,
배추나물,배추나물,
찐빵*보리차,호빵_안흥찐빵,
흰밥,쌀밥,
우동야채볶음,가쓰오우동볶음,
황도슬라이스,과일가공품_황도,
흰밥,쌀밥,
옥수수샐러드,옥수수샐러드,
오이민찌무침,돼지고기오이볶음,
맛탕*요구르트,고구마맛탕,
칼제비국,들깨칼제비,
맛살계란말이,맛살계란찜,
굴소스버섯볶음,굴소스양파당근버섯볶음,
굴무국,굴무국,
브로콜리*초장,브로콜리찜,
우엉채땅콩조림,우엉땅콩조림_산업체,
비름나물된장무침,비름나물된장무침,
육전,육전,
청경채겉절이*파김치,청경채겉절이,
김치수제비,김치수제비,
새송이볶음,새송이어묵볶음,
서리태콩조림,콩조림,
꼬막살파채초무침,꼬막무침,
천사채머스타드무침,천사채샐러드,
꼬마경단*요구르트,떡_쑥경단,
건파래실곤약무침,파래무침,
시레기들깨나물,시래기들깨나물,
마늘종닭조림,간장닭조림,
김자반,김자반,
쌀과자*미숫가루,일반과자_쌀과자,
감자채크레미볶음,감자채참치볶음,
콩국수,콩국수,
김말이찜*비빔야채,김말이,
민물새우얼갈이국,민물새우탕,
짜장돈불고기,간장돼지불고기,
해물동그랑땡,동그랑땡전,
부추양파겉절이,부추겉절이,
북어채다시마국,북어국,
명엽채볶음,명엽채볶음,
간장고추지,고추장아찌,
건포도푸실리샐러드,건포도단호박샐러드,
비름나물*열무김치,비름나물,
찐고구마,찐고구마,
돌나물무침,돌나물무침,
훈제오리죽순볶음,훈제오리볶음,
브로콜리스테이크조림,돼지목살스테이크,
올방개묵미나리무침,미나리무침,
장떡전,장떡,
호박죽,죽_단호박죽,
흰밥,쌀밥,
오이부추겉절이,부추겉절이,
에이스*수제딸기쥬스,비스킷/쿠키/크래커_에이스,
비엔나메란조림,비엔나메추리알볶음,
천사채푸실리샐러드,천사채샐러드,
우묵무침,묵무침,
김말이찜*초간장,김말이,
곤드레나물전,깻잎전,
컬리플라워콘무침,컬리플라워해물샐러드,
단호박찜*요구르트,참깨단호박찜,
양배추맛살무침,양배추무침,
삶은양배추*열무김치,양념간장양배추찜,
닭살곤약무침,닭사색곤약냉채,
조개살호박볶음,조개살토란대볶음,
우삼겹숙주볶음,우삼겹볶음,
맑은버섯탕국,맑은버섯두부탕,
당근계란찜,계란찜,
망고푸딩*밀키스,푸딩_망고푸딩,
참치데리야끼조림,고등어데리야끼구이,
청파래생선까스*타르,생선까스,
우엉채조림*석박지,우엉채볶음,
임연수구이,임연수구이,
가지미나리무침,미나리무침,
가지전*양념장,가지전,
쌈무야채무침,쌈무,
블루베리증편*생강차,증편,
곤드레밥*계란국,계란국,
야채두부스틱,두부튀김,
돈채곤약조림,돈육장조림,
새우튀김*칠리소스,새우튀김,
부추스크램블,계란부추스크램블,
새송이조림,새송이조림,
열무우렁나물,열무나물,
모듬생선조림,생선조림,
호박두부된장국,호박잎두부된장국,
볶음김치*온두부,갓김치볶음,
군만두구이,군만두,
호박죽,호박죽,
오리훈제볶음,오리훈제숙주볶음,
땅콩무조림,땅콩조림,
유부장국,미역두부장국,
탕수육*파인소스,탕수육,
베이컨볶음우동,베이컨볶음우동,
약과*요구르트,약과,
해물동그랑땡전*케찹,동그랑땡전,
유채겉절이,채소겉절이,
병아리콩조림,병아리콩샐러드,
메밀묵김치무침,메밀묵김치무침,
요플레,발효유_떠먹는 요구르트,
들깨순대볶음,들깨순볶음,
유부초밥,유부초밥,
미니돈까스,미니돈까스난자완스,
쌀과자*오렌지쥬스,일반과자_쌀과자,
고구마닭갈비,고구마닭갈비,
흰밥,쌀밥,
황태미역국,황태미역국,
들깨무채국,들깨무채국,
메란곤약조림,메추리알곤약조림,
닭다리살데리구이,닭다리살데리야끼구이,
비피더스,발효유_비피더스플레인,
맑은순두부국,맑은순두부국,
마늘쫑맛살볶음,마늘쫑볶음,
배추당면국,배추국,
소고기청경채볶음,소고기청경채볶음,
버섯맑은국,버섯어묵국,
방어데리야끼구이,고등어데리야끼구이,
탕평채,탕평채,
컬리플라워볶음,콜리플라워볶음,
김치제육두루치기,김치두루치기,
가지구이*양념장,가지구이,
순대깻잎볶음,깻잎순대볶음,
멸치호박씨조림,멸치조림,
아주까리나물,피마자나물볶음,
흰밥,쌀밥,
두부두루치기,두부두루치기,
짜장덮밥,짜장덮밥,
계란후라이,계란후라이,
양상추샐러드*오리엔탈,양상추샐러드,
쑥앙금절편*요구르트,떡_쑥절편,
물파래무침,파래무침,
샤브샤브국,샤브샤브,
팽이버섯볶음,팽이버섯볶음,
왕만두찜&양념장,왕만두,
토마토오이샐러드,토마토오이요거트샐러드,
열무나물,열무나물,
한식된장찌개,된장찌개,
소불고기볶음,소불고기고추볶음,
홍합국,홍합국,
돈육춘장불고기,돈육고추장불고기,
죽순들깨볶음,죽순들깨볶음,
증편(후원),증편,
간장순살닭강정,간장닭강정,
실곤약무침,실곤약탕평채,
두부엿장조림,두부조림,
고들빼기,고들빼기김치,
흰밥,쌀밥,
돈육춘장볶음,돈육장조림,
두부강정,두부강정,
얼갈이된장나물,얼갈이나물,
닭다리살간장구이,닭다리살양념구이,
고추지양념장,고추장아찌,
안흥찐빵*요구르트,호빵_안흥찐빵,
경상도식육개장,육개장,
김말이찜,김말이,
치커리초장무침,치커리무침,
메밀전병구이,메밀전병,
감자스프,감자수프,
순살돈까스,돈까스,
청포묵달래무침,청포묵무침,
양상추샐러드,양상추샐러드,
과일(기관제공),샐러드_Allfresh하루과일도시락,
콩나물맑은국,콩나물국,
옥수수오이무침,오이무침,
깻잎지무침,깻잎순들깨무침,
김치숙주국,김치국,
비엔나야채볶음,버섯야채볶음,
건새우견과류조림,건새우견과류볶음,
부추호박전,호박전,
떠먹는요플레*카스텔라,발효유_떠먹는 요구르트,
물만두찜,물만두,
오이스틱,오이무침,
배추전,배추전,
미소된장국,미소된장국,
비빔밥*두부쌈장,비빔밥,
마카로니감자샐러드,마카로니샐러드,
타코야끼,타코야끼,
건새우근대국,건새우근대국,
청경채소고기볶음,청경채소고기볶음,
야채스프링롤,스프링롤,
가지민찌볶음,가지돼지고기볶음,
오리맛살겨자채무침,맛살잡채,
쫄면무침,야채쫄면,
올방개묵,청포묵무침,
어묵파국,어묵국,
임연수데리조림,임연수조림,
야채계란말이,야채계란찜프리타타,
봄동무침,봄동두부무침,
우거지된장국,우거지된장국,
버섯제육볶음,버섯제육볶음,
우엉강정,튀긴우엉버섯볶음,
두부김치국,두부김치양파국,
닭살데리야끼볶음,닭가슴살데리야끼볶음,
호박찌개,호박찌개,
멘보샤,멘보샤,
볼어묵떡조림,어묵떡볶음,
마파두부덮밥,마파두부덮밥,
로메인양배추샐러드,양배추샐러드,
감귤,귤_온주밀감_생것,
콩나물밥,쌀밥,
새우튀김,새우튀김,
야채비빔밥*두부쌈장,비빔밥,
얼갈이겉절이,봄동겉절이,
찐고구마*보리차,기타 즉석식품_찐고구마,
오복지무침,목이버섯무침,
밤만쥬*두유,빵_밤만주,
미나리부추전,부추전,
시래기콩탕,시래기들깨탕,
새우까스*타르,새우튀김,
스팸구이,스팸가지볶음,
인절미과자*요구르트,스낵과자_고소한인절미스낵,
조기무조림,조기조림,
게살크림스프,게살스프,
잡채어묵볶음,감자채어묵볶음,
미트볼데리조림,미트볼조림,
브로컬리숙회,브로컬리계란찜,
냉이우렁된장국,냉이무된장국,
고추장불고기,고추장오리불고기,
양배추찜*쌈장,양배추두부쌈,
새참바,어묵_새참바골드,
연두부찜*양념장,연두부찜,
건새우무조림,건새우볶음,
치커리무침,치커리무침,
매콤호박국,매운애호박국,
소고기가지볶음,소고기가지볶음,
세멸치볶음,멸치볶음,
오그락지무침,무말랭이무침,
귤,귤_온주밀감_생것,
오리훈제야채볶음,아보카도오일훈제오리야채볶음,
부추적채무침,부추무침,
소세지야채볶음,소세지야채볶음,
고구마순무침,고구마순무침,
민물새우탕,민물새우탕,
닭고기카레볶음,닭가슴살카레볶음,
봄동된장나물,(저염)봄동나물,
아욱미소국,아욱된장국,
당근계란말이,당근계란볶음,
무장아찌,무장아찌무침,
돈육그린빈스장조림,돈육장조림,
단호박채볶음,애호박채볶음,
고추지무침,고추장아찌,
얼큰순두부국,명란순두부국,
소고기콩나물비빔밥,쇠고기나물비빔밥,
황태채무침,황태채볶음,
고구마맛탕,고구마맛탕,
맑은무채국,들깨무채국,
올방개묵*양념장,어묵양파볶음,
참나물생채,참나물무침,
파세리계란찜,계란찜,
숙주굴소스볶음,여주굴소스볶음,
춘권*칠리소스,춘권,
양상추샐러드,양상추샐러드,
밀감,귤_온주밀감_생것,
오징어숙회,오징어숙회,
미나리초무침,미나리무침,
떡갈비,떡갈비,
상추양파무침,상추무침,
임연수데리야끼구이,고등어데리야끼구이,
쑥갓튀김,도라지채소튀김,
유부겨자냉채,냉채,
북어국,북어국,
쇠고기부추국,쇠고기배추국,
베이컨계란볶음,베이컨버섯볶음,
검정콩자반,콩자반,
양배추케요,양배추샐러드,
조갯살맑은국,조갯살들깨쑥국,
들기름두부구이*양념장,두부구이,
무숙채,무생채,
돈채무쌈무침,돼지고기쌈구이와매실소스,
초계국수탕,초계탕,
손만두찜*초간장,물만두,
노각미역무침,노각무침,
유부파국,순두부버섯달걀파국,
어묵볶음,어묵볶음,
컬리플라워초장무침,콜리플라워볶음,
파채간장불고기,간장불고기,
비엔나야채조림,햄야채볶음,
감자전,감자전,
상추무국,무국,
닭간장조림,닭간장조림,
순두부새싹흑임자,두부흑임자샐러드,
돈김치볶음*온두부,돼지고기두부김치,
묵은지고등어조림,고등어조림,
숙주맛살나물,숙주나물,
콩나물냉국,콩나물냉국,
함박스테이크,함박스테이크,
콘샐러드*파김치,콘샐러드,
수수부꾸미*두유,떡_우리팥 수수팥떡,
차돌된장국,차돌박이된장국,
시레기나물,시래기나물,
새우스크램블,칵테일새우계란찜,
부대찌개*사리면,부대찌개,
오징어참나물무침,오징어무침,
토마토상추샐러드,토마토샐러드,
꽈리고추메란조림,꽈리고추조림,
닭살야채유자무침,닭가슴살냉채,
건포도감자샐러드*열무김치,건포도단호박샐러드,
맛탕*오렌지쥬스,고구마맛탕,
홍합탕,홍합탕,
미역냉국,미역냉국,
가지된장무침,가지나물간장무침,
노각무침,노각무침,
꼬막감자조림,꼬막간장찜,
온순두부양념장,순두부,
파래생선까스*타르,생선까스,
토마토야채샐러드,과일오이토마토샐러드,
만쥬*포도쥬스,빵_밤만주,
돈채느타리버섯볶음,햄느타리버섯볶음,
야채샐러드*드레싱,단호박야채샐러드,
모닝빵*김구이,빵_모닝빵,
흰밥,쌀밥,
차돌순두부국,차돌순두부찌개,
육전*양배추초장무침,육전야채쌈,
물만두*초간장,물만두,
고구마순줄기볶음,고구마줄기볶음,
김치무채국,김치국,
도토리묵야채무침,도토리묵무침,
가지나물*알타리김치,가지나물,
수수부꾸미*감귤쥬스,떡_우리팥 수수팥떡,
소고기배추국,소고기양배추국,
순살양념치킨,양념치킨,
야채카레소스,카레소스,
꽈리멸치볶음,꽈리고추멸치볶음,
순대국밥,순대국밥,
유부채두부조림,무채두부조림,
스틱오이*쌈장,오이무침,
엑티비아,농후발효유_액티비아병플레인,
오삼불고기,오징어삼겹살볶음,
꽈리닭가슴살조림,꽈리고추닭가슴살볶음,
해물된장찌개,해물된장찌개,
배추나물*열무김치,배추나물,
보름달1,빵_삼립보름달,
스팸김치볶음,스팸김치볶음,
서리태멸치조림,멸치조림,
푸실리샐러드,푸실리샐러드,
새우동그랑땡*케찹,로제새우완자,
북어채콩나물국,달걀북어콩나물국,
갈비만두구이,갈비만두,
녹두전*쿨피스,반찬_녹두전,
흰밥,쌀밥,
메란돈육조림,계란장조림,
쌈무닭살무침,닭가슴살냉채,
맛탕*두유,고구마맛탕,
오이생채,오이생채,
꿀호떡*아침햇살,호떡_꿀호떡,
감자무채국,감자국,
대패숙주볶음,대패목살숙주볶음,
닭살버섯불고기,버섯불고기,
미니돈까스조림,미니돈까스난자완스,
가지튀김*초간장,가지튀김,
청경채겉절이*석박지,청경채겉절이,
사태떡찜,돼지고기사태떡찜,
당근스크램블,당면스크램블,
토란대들깨나물,토란대들깨나물,
부추계란국,부추계란국,
토마토스파게티,미트볼스파게티프리터,
참치감자샐러드,맛살감자샐러드,
초코도넛*쿨피스,도넛_초코도넛,
코다리콩나물찜,콩나물코다리찜,
무채나물,무채나물,
돈육찹스테이크,돼지고기찹스테이크,
순두부새싹양념장,순두부,
훈제오리김치볶음,훈제오리김치볶음,
들깨버섯국,들깨국,
물미역초무침*열무김치,오징어미역초무침,
감자구이*식혜,감자구이,
오징어콩나물국,오징어콩나물국,
촉촉건파래무침,파래무침,
황태국,황태국,
고사리나물볶음,고사리나물볶음,
차돌청경채볶음,차돌박이공심채볶음,
더덕고추잎무침,산나물건고춧잎볶음,
미나리무생채,미나리생채,
건자반볶음,김자반,
새우김치전,오징어김치전,
만쥬*생강차,빵_밤만주,
실곤약베이컨샐러드,곤약샐러드,
고추잡채,고추잡채,
청경채쭈꾸미볶음,시금치쭈꾸미볶음,
톳나물두부무침,톳나물두부무침,
맛살전계란전,맛살전,
시금치된자국,시금치된장국,
고구마닭볶음,고구마닭볶음탕,
돌나물유자청무침,도라지유자청생채,
간새우두부조림,두부조림,
단호박스프,단호박스프,
동그랑땡*오색산적,산적꼬치,
감자전*양념장,감자전,
흰밥,쌀밥,
야채과일샐러드,단호박야채샐러드,
찐빵*유자차,호빵_안흥찐빵,
짜장돈불고기,돈육고추장불고기,
흰밥,쌀밥,
훈제오리떡볶음,훈제오리볶음,
꽈리고추햄볶음,꽈리고추햄볶음,
일식장국,미소장국,
시금치숙주나물,시금치나물,
크림소스닭볶음,로제닭볶음탕,
도토리묵*양념장,도토리청포묵양념무침,
날김구이*양념장,김구이,
청포묵김치무침,메밀묵김치무침,
자반김,김자반,
간장깻잎찜,깻잎찜,
기관제공(바나나),바나나_생것,
임연수김치조림,임연수조림,
우동면간장볶음,가쓰오우동볶음,
크림소스스파게티,까르보나라스파게티,
열무김치*구이김,열무김치,
다시마무채국,건새우무채국,
바나나푸실리샐러드,바나나샐러드,
부추무침,부추무침,
닭살카레소스,카레소스,
바지락아욱국,건새우아욱국,
대패삼겹살숙주볶음,대패삼겹살숙주볶음,
땅콩연근조림,땅콩조림,
수수부꾸미*보리차,떡_우리팥 수수팥떡,
청파래생선까스,생선까스,
모듬야채바나나샐러드,바나나야채샐러드,
떡갈비조림,떡갈비,
모닝빵*딸기잼,빵_모닝빵,
홍합살미역국,홍합미역국,
참나물무침*열무김치,참나물무침,
핫도그*식혜,핫도그,
시금치크레미무침,시금치들깨무침,
돈채가지볶음,돼지고기가지볶음,
모듬버섯볶음,당면버섯볶음,
게살스프,게살스프,
바지락무국,바지락국,
꿀호떡*보리차,호떡_꿀호떡,
깐쇼새우,깐쇼새우,
흰밥,쌀밥,
닭살카레볶음,닭카레볶음,
곤약어묵조림,곤약조림,
가지구이전,가지전,
샌드위치(기관제공),샌드위치_아삭햄치즈샌드위치,
맑은김치국,김치국,
임연수찜,임연수찜,
연두부*양념장,연두부찜,
물미역사과채초무침,미역초무침,
토스트*요플레,샌드위치_햄&치즈 토스트,
감자수제비국,감자수제비,
함박스테이크,함박스테이크,
치커리샐러드,치커리샐러드와올리브마늘드레싱,
순대*편육찜,순대,
연근어묵조림,연근어묵볶음,
흰밥,쌀밥,
야채김밥,야채김밥,
북어채살맛살샐러드,맛살감자샐러드,
슬라이스단무지,단무지/피클_반달단무지,
조랭이떡미역국,미역국,
방어데리야끼,고등어데리야끼구이,
단호박콩조림,단호박꿀조림,
오삼불고기볶음,오징어불고기,
어묵우거지국,어묵국,
묵은지무침,묵은지부침,
두부까스,두부튀김,
마늘쫑멸치조림,마늘쫑조림,
들깨토란국,들깨토란탕,
흰밥,쌀밥,
콩나물,콩나물무침,
연양갱*피땅콩,양갱_연양갱,
닭가슴살야채조림,닭가슴살야채스크램,
후랑크볶음,후랑크소세지볶음,
양배추호박전,호박전,
게살순두부국,들깨순두부국,
닭살데리야끼조림,닭다리살데리야끼구이,
도토리묵치커리무침,도토리묵무침,
단무지채무침*모닝빵,단무지무침,
흰밥,쌀밥,
돈떡갈비찜,떡갈비찜,
호두두부조림,두부조림,
늙은호박죽(그릇,죽_단호박죽,
다시마감자채국,감자국,
사골당면국,사골당면국,
파래자반,돌파래자반들기름볶음,
수제모듬피클*파김치,파김치,
약과*생강차,전통과자_개성약과,
참치김치국,김치국,
포실북어느타리무침,느타리버섯무침,
버섯무나물,무나물,
재래식구이김,김구이,
알감자조림*열무김치,알감자조림,
황태채무국,황태채무국,
훈제오리볶음,훈제오리볶음,
오이스틱*아삭고추*쌈장,오이무침,
흰밥,쌀밥,
닭살단호박무침,닭고기채소무침,
새싹순두부양념장,새싹연두부,
피망어묵채볶음,피망어묵볶음,
마가렛*오렌지쥬스,비스킷/쿠키/크래커_마가렛트,
김말이찜야채무침,김말이,
모듬피클,피클,
맑은짬뽕국,나가사끼짬뽕국,
찐만두*초간장,물만두,
쌈무채야채무침,쌈무,
찐옥수수*식혜,찐옥수수,
흰밥,쌀밥,
수육*무말랭이무침,수육무침,
메란꽈리고추조림,메추리알꽈리고추조림,
오징어야채무침,오징어무침,
브로콜리어묵조림,브로콜리들깨조림,
오이지냉국,오이지냉국,
파래생선까스,생선까스,
만쥬*요구르트,빵_밤만주,
크레미스프,크래미스프,
땅콩스크램블,스크램블에그,
아주까리나물,미나리나물,
콩가루시레기국,콩물시래기국,
옛날김밥,김밥,
콘샐러드*단무지,콘샐러드,
닭살곤약무췸,닭사색곤약냉채,
미트볼케찹조림,미트볼조림,
간장깻잎,깻잎간장나물,
양배추쌈*아삭고추,양배추두부쌈,
바지락시금치국,바지락국,
닭살피망볶음,닭살가지볶음,
오색전,산적꼬치,
스파게티,스파게티,
오삼볶음,오징어삼겹살볶음,
돈메추리알조림,돈육메추리알장조림,
부추감자채볶음,부추감자채볶음,
프렌치토스트*식혜,빵_클래식 프렌치토스트,
우불고기볶음,한우불고기볶음,
돈사태김치찜,돼지고기김치찜,
콩나무국,콩나물국,
베이컨버터감자구이,감자버터구이,
병아리콩멸치조림,멸치조림,
김치유부국,김치두부국,
고등어카레구이,고등어카레구이,
우엉채호두조림,호두조림,
돌나물사과샐러드,돌나물샐러드,